<?xml version="1.0" encoding="UTF-8" standalone="yes"?>
<addon id="repository.neowizard" name="NeoWizard Repository" version="1.0.1" provider-name="bsreeds">
    <extension point="xbmc.addon.repository" name="NeoWizard Repository">
        <dir>
		<info compressed="false">https://raw.githubusercontent.com/bsreeds/repository.neowizard/master/zips/addons.xml</info>
		<checksum>https://raw.githubusercontent.com/bsreeds/repository.neowizard/master/zips/addons.xml.md5</checksum>
		<datadir zip="true">https://raw.githubusercontent.com/bsreeds/repository.neowizard/master/repo/</datadir>
        </dir>
    </extension>
    <extension point="xbmc.addon.metadata">
        <summary>NeoWizard</summary>
        <description>This Repository is for hosting personal builds for friends and family and contains no content</description>
        <disclaimer>This addon contains no content</disclaimer>
	<platform>all</platform>
	<license>GPL-2.0-or-later</license>
        <assets>
            <icon>icon.png</icon>
            <fanart>fanart.jpg</fanart>
        </assets>
    </extension>
</addon>
